<?xml version="1.0" encoding="utf-8"?>
<doc>
<assembly><name>Metering.BaseTypes</name></assembly>
<members>
<member name="T:Metering.BaseTypes.Quantity.Infinite">
<summary>
 Indicates that this plan participates in this dimension, but does not emit usage against this dimension. 
</summary>
</member>
<member name="P:Metering.BaseTypes.IncludedQuantitySpecification.Annually">
<summary>
 Annual quantity included in base.
 Quantity of dimension included per each year for customers paying the recurring annual fee, must be an integer. Can be 0 or unlimited.
</summary>
</member>
<member name="P:Metering.BaseTypes.IncludedQuantitySpecification.Monthly">
<summary>
 Monthly quantity included in base.
 Quantity of dimension included per month for customers paying the recurring monthly fee, must be an integer. It can be 0 or unlimited.
</summary>
</member>
<member name="T:Metering.BaseTypes.InternalResourceId">
<summary>
 &quot;/subscriptions/..../resourceGroups/.../providers/Microsoft.SaaS/resources/SaaS Accelerator Test Subscription&quot;
 This is the key by which to aggregate across multiple tenants
</summary>
</member>
<member name="T:Metering.BaseTypes.ManagedApp.ManagedAppResourceGroupID">
<summary>
 Concrete value of the managed app resource group to report against
</summary>
</member>
<member name="T:Metering.BaseTypes.ManagedApp.ManagedAppIdentity">
<summary>
 Internally used handle for a managed app
</summary>
</member>
<member name="T:Metering.BaseTypes.SaaSSubscriptionID">
<summary>
 For SaaS offers, the resourceId is the SaaS subscription ID. 
</summary>
</member>
<member name="T:Metering.BaseTypes.UnitOfMeasure">
<summary>
 The description of the billing unit, for example &quot;per text message&quot; or &quot;per 100 emails&quot;.
</summary>
</member>
<member name="T:Metering.BaseTypes.DimensionId">
<summary>
 The immutable dimension identifier referenced while emitting usage events.
</summary>
</member>
<member name="T:Metering.BaseTypes.BillingDimensions">
<summary>
 Defines a custom unit by which the ISV can emit usage events. 
 Billing dimensions are also used to communicate to the customer about how they will be billed for using the software. 
</summary>
</member>
<member name="T:Metering.BaseTypes.BillingPeriodResult.BillingPeriodsAgo">
<summary>
 The date is n BillingPeriods ago
</summary>
</member>
<member name="T:Metering.BaseTypes.BillingPeriodResult.SameBillingPeriod">
<summary>
 The date belongs to the current BillingPeriod.
</summary>
</member>
<member name="T:Metering.BaseTypes.BillingPeriodResult.DateBelongsToPreviousBillingPeriod">
<summary>
 The date belongs to a previous BillingPeriod.
</summary>
</member>
<member name="T:Metering.BaseTypes.BillingPeriodResult.DateBeforeSubscription">
<summary>
 The given date is before the customer subscribed to the offer.
</summary>
</member>
<member name="T:Metering.BaseTypes.InternalMetersMapping">
<summary>
 A mapping table, used by the aggregator, to translate an ApplicationInternalMeterName to the plan and dimension configured in Azure marketplace.
</summary>
</member>
<member name="T:Metering.BaseTypes.SubscriptionCreationInformation">
<summary>
 Event representing the creation of a subscription. 
</summary>
</member>
<member name="P:Metering.BaseTypes.AzureHttpResponseHeaders.CorrelationID">
<summary>
 The `x-ms-correlationid` HTTP header
</summary>
</member>
<member name="P:Metering.BaseTypes.AzureHttpResponseHeaders.RequestID">
<summary>
 The `x-ms-requestid` HTTP header.
</summary>
</member>
<member name="T:Metering.BaseTypes.MarketplaceArgumentErrorData">
<summary>
 ./[code,message,target]
</summary>
</member>
<member name="P:Metering.BaseTypes.MarketplaceErrorDuplicate.PreviouslyAcceptedMessage">
<summary>
 ./error/additionalInfo/acceptedMessage/...
</summary>
</member>
<member name="P:Metering.BaseTypes.MarketplaceErrorDuplicate.FailureStatus">
<summary>
 ./[status/messageTime]
</summary>
</member>
<member name="P:Metering.BaseTypes.MarketplaceErrorDuplicate.FailedRequest">
<summary>
 ./[resourceId/effectiveStartTime/planId/dimension/quantity]
</summary>
</member>
<member name="P:Metering.BaseTypes.MarketplaceSuccessResponse.Status">
<summary>
 &quot;status&quot;/&quot;messageTime&quot;/&quot;usageEventId&quot;/&quot;resourceUri&quot;
</summary>
</member>
<member name="P:Metering.BaseTypes.MarketplaceSuccessResponse.RequestData">
<summary>
  &quot;resourceId/effectiveStartTime/planId/dimension/quantity&quot;
</summary>
</member>
<member name="P:Metering.BaseTypes.MarketplaceSubmissionStatus.ResourceURI">
<summary>
 The &quot;resourceUri&quot;
</summary>
</member>
<member name="P:Metering.BaseTypes.MarketplaceSubmissionStatus.UsageEventID">
<summary>
 The &quot;usageEventId&quot;
</summary>
</member>
<member name="P:Metering.BaseTypes.MarketplaceSubmissionStatus.MessageTime">
<summary>
 The &quot;messageTime&quot;
</summary>
</member>
<member name="P:Metering.BaseTypes.MarketplaceSubmissionStatus.Status">
<summary>
 The &quot;status&quot;
</summary>
</member>
<member name="T:Metering.BaseTypes.SubmissionStatus.BadArgument">
<summary>
 The input is missing or malformed.
</summary>
</member>
<member name="T:Metering.BaseTypes.SubmissionStatus.InvalidQuantity">
<summary>
 The quantity passed is lower or equal to 0.
</summary>
</member>
<member name="T:Metering.BaseTypes.SubmissionStatus.InvalidDimension">
<summary>
 The dimension for which the usage is passed is invalid for this offer/plan.
</summary>
</member>
<member name="T:Metering.BaseTypes.SubmissionStatus.ResourceNotActive">
<summary>
 The resource is suspended or was never activated.
</summary>
</member>
<member name="T:Metering.BaseTypes.SubmissionStatus.ResourceNotAuthorized">
<summary>
 You are not authorized to provide usage for this resource.
</summary>
</member>
<member name="T:Metering.BaseTypes.SubmissionStatus.ResourceNotFound">
<summary>
 The usage resource provided is invalid.
</summary>
</member>
<member name="T:Metering.BaseTypes.SubmissionStatus.UsageEventError">
<summary>
 Error code.
</summary>
</member>
<member name="T:Metering.BaseTypes.SubmissionStatus.Duplicate">
<summary>
 Duplicate usage provided.
</summary>
</member>
<member name="T:Metering.BaseTypes.SubmissionStatus.Expired">
<summary>
 Expired usage.
</summary>
</member>
<member name="T:Metering.BaseTypes.SubmissionStatus.Accepted">
<summary>
 Accepted.
</summary>
</member>
<member name="P:Metering.BaseTypes.MarketplaceRequest.ResourceId">
<summary>
 Unique identifier of the resource against which usage is emitted, can be a resourceId or resourceUri
</summary>
</member>
<member name="P:Metering.BaseTypes.MarketplaceRequest.Quantity">
<summary>
 How many units were consumed for the date and hour specified in effectiveStartTime, must be greater than 0, can be integer or float value
</summary>
</member>
<member name="P:Metering.BaseTypes.MarketplaceRequest.DimensionId">
<summary>
 Custom dimension identifier.
</summary>
</member>
<member name="P:Metering.BaseTypes.MarketplaceRequest.PlanId">
<summary>
 ID of the plan purchased for the offer.
</summary>
</member>
<member name="P:Metering.BaseTypes.MarketplaceRequest.EffectiveStartTime">
<summary>
 Time in UTC when the usage event occurred, from now and until 24 hours back.
</summary>
</member>
<member name="T:Metering.BaseTypes.LocalControlEvent.PartitionEventConsumptionCatchedUp">
<summary>
 A heart beat signal to potentially flush billing periods
</summary>
</member>
<member name="T:Metering.BaseTypes.MeteringUpdateEvent.RemoveUnprocessedMessages">
<summary>
 Clean up state
</summary>
</member>
<member name="T:Metering.BaseTypes.MeteringUpdateEvent.UnprocessableMessage">
<summary>
 The message payload could not be parsed into a processable entity.
</summary>
</member>
<member name="T:Metering.BaseTypes.MeteringUpdateEvent.UsageSubmittedToAPI">
<summary>
 An aggregator-internal event to keep track of which events must be / have been submitted to the metering API.
</summary>
</member>
<member name="T:Metering.BaseTypes.MeteringUpdateEvent.UsageReported">
<summary>
 Event representing usage / consumption. Send from the application to the aggregator.
</summary>
</member>
<member name="T:Metering.BaseTypes.MeteringUpdateEvent.SubscriptionPurchased">
<summary>
 Event to initialize the aggregator.
</summary>
</member>
<member name="T:Metering.BaseTypes.MeteringUpdateEvent">
<summary>
 The events which are processed by the aggregator.
</summary>
</member>
<member name="M:Metering.BaseTypes.MeterValueModule.subtractQuantity(NodaTime.ZonedDateTime,Metering.BaseTypes.Quantity,Metering.BaseTypes.MeterValue)">
<summary>
 Subtracts the given Quantity from a MeterValue 
</summary>
</member>
<member name="M:Metering.BaseTypes.BillingPeriodModule.isInBillingPeriod(Metering.BaseTypes.BillingPeriod,NodaTime.ZonedDateTime)">
<summary>
 Whether the given dateTime is in the given BillingPeriod
</summary>
</member>
<member name="M:Metering.BaseTypes.BillingPeriodModule.determineBillingPeriod(Metering.BaseTypes.Subscription,NodaTime.ZonedDateTime)">
<summary>
 Determine in which BillingPeriod the given dateTime is.
</summary>
</member>
<member name="M:Metering.BaseTypes.BillingPeriodModule.createFromIndex(Metering.BaseTypes.Subscription,System.UInt32)">
<summary>
 Compute the n&apos;th BillingPeriod for a given subscription.
</summary>
</member>
<member name="M:Metering.BaseTypes.MeterModule.removeUsageToBeReported(Metering.BaseTypes.MarketplaceRequest,Metering.BaseTypes.Meter)">
<summary>
 Removes the item from the UsageToBeReported collection
</summary>
</member>
</members>
</doc>
