<?xml version="1.0" encoding="utf-8"?>
<doc>
<assembly><name>Metering.Runtime</name></assembly>
<members>
<member name="M:Metering.EventHub.CaptureProcessor.getCaptureBlobs(System.Threading.CancellationToken,Metering.BaseTypes.EventHub.PartitionID,Metering.Integration.MeteringConnections)">
<summary>
 Provide a list of all EventHub Capture blobs which belong to a given partition.
</summary>
</member>
<member name="M:Metering.Integration.ObservableExtension.Choose``1(System.IObservable{Microsoft.FSharp.Core.FSharpOption{``0}})">
<summary>
 Checks all items in the observable, and returns x for all which are Some(x).
</summary>
</member>
<member name="M:Metering.Integration.InstanceMetadataClient.retrieveManagedByFromARM(Metering.BaseTypes.InternalResourceId)">
<summary>
 Retrieves the resource group&apos;s ResourceGroup.ManagedBy property from Azure Resource Manager.
</summary>
</member>
<member name="M:Metering.Integration.MarketplaceClient.submitBatchUsage(Metering.Integration.MeteringConfigurationProvider,Microsoft.FSharp.Collections.FSharpList{Metering.BaseTypes.MarketplaceRequest})">
<summary>
 The batch usage event API allows you to emit usage events for more than one purchased resource at once. 
 It also allows you to emit several usage events for the same resource as long as they are for different calendar hours. 
 The maximal number of events in a single batch is 25.
</summary>
</member>
<member name="M:Metering.Integration.MeterCollectionStore.CopyBlobAsync(Azure.Storage.Blobs.BlobClient,Azure.Storage.Blobs.BlobClient,System.Threading.CancellationToken)">
<summary>
 Copies the source blob to the destination
</summary>
</member>
<member name="M:Metering.Utils.Status.getStates(Metering.Integration.MeteringConfigurationProvider,System.Threading.CancellationToken,System.Collections.Generic.IEnumerable{Metering.BaseTypes.EventHub.PartitionID})">
<summary>
 Download all snapshots for the given partition IDs.
</summary>
</member>
<member name="T:Metering.Utils.Status">
<summary>
 Functions to interact with the system&apos;s state files in storage
</summary>
</member>
</members>
</doc>
