<?xml version="1.0" encoding="utf-8"?>
<doc>
<assembly><name>Metering.EventHubTypes</name></assembly>
<members>
<member name="P:Metering.BaseTypes.EventHub.EventHubEvent`1.Source">
<summary>
 Indicate whether an event was read from EventHub, or from the associated capture storage.      
</summary>
</member>
<member name="T:Metering.BaseTypes.EventHub.EventSource">
<summary>
 Indicate whether an event was read from EventHub, or from the associated capture storage.
</summary>
</member>
<member name="P:Metering.BaseTypes.EventHub.EventsToCatchup.LastEnqueuedTime">
<summary>
 The date and time, in UTC, that the last event was enqueued in the partition.
</summary>
</member>
<member name="P:Metering.BaseTypes.EventHub.EventsToCatchup.LastSequenceNumber">
<summary>
 The sequence number observed the last event to be enqueued in the partition.
</summary>
</member>
</members>
</doc>
